{
  "China": {
    "position": {
      "x": 0.19028991712608154,
      "y": 0.581238317734103,
      "z": 0.8130422674644455
    },
    "fontSize": 48,
    "scale": 1.5
  },
  "Mongolia": {
    "position": {
      "x": 0.15996863421987523,
      "y": 0.7404905807534874,
      "z": 0.67946951804043
    },
    "fontSize": 38.4,
    "scale": 1.2
  },
  "North Korea": {
    "scale": 0.7200000000000001,
    "fontSize": 23.040000000000003,
    "position": {
      "x": 0.46353359080250955,
      "y": 0.6578199187669945,
      "z": 0.6221457688617714
    }
  },
  "South Korea": {
    "position": {
      "x": 0.5075420599673209,
      "y": 0.5950012374021858,
      "z": 0.6482859206189213
    },
    "fontSize": 25.6,
    "scale": 0.8
  },
  "Japan": {
    "position": {
      "x": 0.6132678338051221,
      "y": 0.5985301241119761,
      "z": 0.5461060749477884
    },
    "fontSize": 34.56,
    "scale": 1.08
  },
  "Vietnam": {
    "position": {
      "x": 0.3013198363864546,
      "y": 0.2016818324066501,
      "z": 0.9482772739473223
    },
    "fontSize": 28.8,
    "scale": 0.9
  },
  "Myanmar": {
    "position": {
      "x": 0.19484577976547765,
      "y": 0.27600103802493,
      "z": 0.961215807052109
    },
    "fontSize": 28.8,
    "scale": 0.9
  },
  "Cambodia": {
    "position": {
      "x": 0.25144649400129915,
      "y": 0.2229448737016728,
      "z": 0.9578672042863106
    },
    "fontSize": 28.8,
    "scale": 0.9
  },
  "Thailand": {
    "position": {
      "x": 0.09458713285518017,
      "y": 0.3649862710025006,
      "z": 0.9421117726299444
    },
    "fontSize": 28.8,
    "scale": 0.9
  },
  "Laos": {
    "position": {
      "x": 0.21292557910663845,
      "y": 0.33820332490614735,
      "z": 0.9348276829679704
    },
    "fontSize": 28.8,
    "scale": 0.9
  },
  "Nepal": {
    "position": {
      "x": -0.09402143697393137,
      "y": 0.48052012756785584,
      "z": 0.8904434348286887
    },
    "fontSize": 28.8,
    "scale": 0.9
  },
  "Bhutan": {
    "position": {
      "x": 0.04218418373359584,
      "y": 0.4553077915641127,
      "z": 0.907473492721135
    },
    "fontSize": 28.8,
    "scale": 0.9
  },
  "India": {
    "position": {
      "x": -0.18756289036852658,
      "y": 0.4060801624752572,
      "z": 0.915378637774062
    },
    "fontSize": 48,
    "scale": 1.5
  },
  "Bangladesh": {
    "position": {
      "x": 0.004024405234452411,
      "y": 0.4256439549659162,
      "z": 0.9252618544779596
    },
    "fontSize": 28.8,
    "scale": 0.9
  },
  "Pakistan": {
    "position": {
      "x": -0.2979595945157127,
      "y": 0.50746586643938,
      "z": 0.8285195140186602
    },
    "fontSize": 28.8,
    "scale": 0.9
  },
  "Afghanistan": {
    "position": {
      "x": -0.33712968067100835,
      "y": 0.5694350605447203,
      "z": 0.774514825676977
    },
    "fontSize": 28.8,
    "scale": 0.9
  },
  "Turkmenistan": {
    "position": {
      "x": -0.41982369925761076,
      "y": 0.6465720012302043,
      "z": 0.665758103217932
    },
    "fontSize": 28.8,
    "scale": 0.9
  },
  "Kazakhstan": {
    "position": {
      "x": -0.2776455298302969,
      "y": 0.7501396479827332,
      "z": 0.6295031305778882
    },
    "fontSize": 28.8,
    "scale": 0.9
  },
  "Russia": {
    "position": {
      "x": -0.21717688729813314,
      "y": 0.8979981390270518,
      "z": 0.4294324439946795
    },
    "fontSize": 48,
    "scale": 1.5
  },
  "Uzbekistan": {
    "position": {
      "x": -0.3285859166313496,
      "y": 0.6627760054917442,
      "z": 0.6980477314329949
    },
    "fontSize": 32,
    "scale": 1
  },
  "Kyrgyzstan": {
    "position": {
      "x": -0.19852126990244576,
      "y": 0.6748112218194873,
      "z": 0.7336238180231436
    },
    "fontSize": 28.8,
    "scale": 0.9
  },
  "Iraq": {
    "position": {
      "x": -0.6199469646950496,
      "y": 0.556599788095279,
      "z": 0.5845008768198012
    },
    "fontSize": 28.8,
    "scale": 0.9
  },
  "Iran": {
    "position": {
      "x": -0.49917667635228186,
      "y": 0.5456515074934285,
      "z": 0.6984189189690878
    },
    "fontSize": 28.8,
    "scale": 0.9
  },
  "Saudi Arabia": {
    "position": {
      "x": -0.6684904785058468,
      "y": 0.41819945701289907,
      "z": 0.6430629319433192
    },
    "fontSize": 28.8,
    "scale": 0.9
  },
  "Oman": {
    "position": {
      "x": -0.5103970122349321,
      "y": 0.37385079854635084,
      "z": 0.7972258428042801
    },
    "fontSize": 41.6,
    "scale": 1.3
  },
  "Yemen": {
    "position": {
      "x": -0.6569611032877012,
      "y": 0.2760577386717591,
      "z": 0.7239243241601953
    },
    "fontSize": 28.8,
    "scale": 0.9
  },
  "United Arab Emirates": {
    "position": {
      "x": -0.5521838320003285,
      "y": 0.40624761223709593,
      "z": 0.7503505595171873
    },
    "fontSize": 19.2,
    "scale": 0.6
  },
  "Qatar": {
    "position": {
      "x": -0.5777660930883252,
      "y": 0.43511042810518863,
      "z": 0.7117811141560322
    },
    "fontSize": 28.8,
    "scale": 0.9
  },
  "Somalia": {
    "position": {
      "x": -0.6752820171719116,
      "y": 0.16683383297685336,
      "z": 0.7398821751319606
    },
    "fontSize": 28.8,
    "scale": 0.9
  },
  "Eritrea": {
    "position": {
      "x": -0.7667943305134327,
      "y": 0.27234712321286153,
      "z": 0.6061819034005084
    },
    "fontSize": 28.8,
    "scale": 0.9
  },
  "Ethiopia": {
    "position": {
      "x": -0.7714133284756346,
      "y": 0.151849091439025,
      "z": 0.6403480913595089
    },
    "fontSize": 28.8,
    "scale": 0.9
  },
  "Kenya": {
    "position": {
      "x": -0.8008673474931878,
      "y": 0.007950893748956106,
      "z": 0.6236208256056732
    },
    "fontSize": 39.42389497529642,
    "scale": 1.2319967179780131
  },
  "Libya": {
    "position": {
      "x": -0.8586725250721678,
      "y": 0.45858000940307075,
      "z": 0.28937107329352973
    },
    "fontSize": 28.8,
    "scale": 0.9
  },
  "Egypt": {
    "position": {
      "x": -0.7942141914069444,
      "y": 0.42616180604860915,
      "z": 0.4678072471437401
    },
    "fontSize": 28.8,
    "scale": 0.9
  },
  "Sudan": {
    "position": {
      "x": -0.8461194378853557,
      "y": 0.27448383507134055,
      "z": 0.4890878255054858
    },
    "fontSize": 41.6,
    "scale": 1.3
  },
  "Chad": {
    "position": {
      "x": -0.9289181572277373,
      "y": 0.26250358624673475,
      "z": 0.312907774312099
    },
    "fontSize": 28.8,
    "scale": 0.9
  },
  "Central African Republic": {
    "position": {
      "x": -0.9432573575760487,
      "y": 0.11351160689906675,
      "z": 0.36364838470121463
    },
    "fontSize": 22.4,
    "scale": 0.7
  },
  "Cameroon": {
    "position": {
      "x": -0.9927358276536256,
      "y": 0.09369087375119767,
      "z": 0.20848115154704172
    },
    "fontSize": 28.8,
    "scale": 0.9
  },
  "Nigeria": {
    "position": {
      "x": -0.990946568752702,
      "y": 0.16434293379453843,
      "z": 0.1481769311439818
    },
    "fontSize": 28.8,
    "scale": 0.9
  },
  "Niger": {
    "position": {
      "x": -0.9613235356896068,
      "y": 0.29538507976888834,
      "z": 0.15160972543357318
    },
    "fontSize": 28.8,
    "scale": 0.9
  },
  "Morocco": {
    "position": {
      "x": -0.8529937006973133,
      "y": 0.5443946957265671,
      "z": -0.0859321064997553
    },
    "fontSize": 28.8,
    "scale": 0.9
  },
  "Algeria": {
    "position": {
      "x": -0.8951190505681375,
      "y": 0.47982527558853894,
      "z": 0.049885763252449346
    },
    "fontSize": 28.8,
    "scale": 0.9
  },
  "Tunisia": {
    "scale": 0.8,
    "fontSize": 25.6
  },
  "Mauritania": {
    "position": {
      "x": -0.9416990176129177,
      "y": 0.34272051654476177,
      "z": -0.179666302525526
    },
    "fontSize": 28.8,
    "scale": 0.9
  },
  "Mali": {
    "position": {
      "x": -0.9693823103552542,
      "y": 0.3009414245589954,
      "z": -0.05037096711792138
    },
    "fontSize": 28.8,
    "scale": 0.9
  },